task_id,source_group_id,source_neuron_id,target_group_id,target_neuron_id,te_mean,te_std,te_sem,te_iqr,te_ci_lower,te_ci_upper,te_snr_linear,te_snr_db,mean_runtime
0,BC,0,POm,46,-0.03135833740234375,0.5526985538754455,0.1235871537531326,0.6649191540692421,-0.2805239528748217,0.19452229728571496,-0.056736782071281786,-inf,160.03272041082383
1,BC,0,POm,47,-0.13523057621665444,0.35414887948182894,0.079190096867675,0.5128009812573868,-0.2821358148089064,0.027443015956626023,-0.3818466866661172,-inf,214.20528740882872
2,BC,0,POm,48,0.13898802627413182,0.5451096573327945,0.1218902248987745,0.5824108725928472,-0.09072234027470565,0.3850134413795847,0.2549725993742179,-11.870129770141949,153.5523580312729
3,BC,0,POm,49,0.0039052474587973228,0.18216849614616856,0.040734114074174134,0.18214063116624235,-0.06999915761424375,0.08497269148161744,0.02143755666547209,-33.37649429299142,40.55003581047058
4,BC,0,POm,50,0.49276124931347026,0.847988519596713,0.18961599739576626,0.980631067807284,0.1121015684723332,0.8526421265088079,0.5810942458841519,-4.715068500280935,195.04835710525512
5,BC,0,POm,51,0.6068582629118253,1.540954266380006,0.3445678489844012,2.67838722585946,-0.06124148645582044,1.2728433789224278,0.3938197752860314,-8.094049599307363,321.6930284142494
6,BC,0,POm,52,-0.32744795271835725,2.625033098226227,0.5869752450820725,3.792227038809905,-1.4444626456070022,0.8045028621871553,-0.12474050439197075,-inf,306.85788543224334
7,BC,0,POm,53,-0.18264423712542027,0.6410455321312042,0.14334213865178982,1.02323217452318,-0.4567416214876045,0.10081591756825323,-0.28491616893141075,-inf,181.10003863573075
8,BC,0,POm,54,-0.014500496403028506,0.3031555550351611,0.06778764288152989,0.47171734899342876,-0.14512418696001073,0.1136328673368841,-0.047831867706817,-inf,106.62782366275788
9,BC,0,POm,55,-0.269438089614437,0.4546222598026221,0.10165662770032331,0.6414894810995371,-0.47242337761466213,-0.08331638863392464,-0.5926636538461968,-inf,123.68527323007584
10,BC,0,POm,56,-0.12805606576906037,0.23155121198272588,0.05177642502658389,0.21305316452004242,-0.24546010774718735,-0.03737055171374041,-0.5530356100170772,-inf,142.87189354896546
11,BC,0,POm,57,-0.025134799641368256,0.07635337675850246,0.017073134074366402,0.09667478728879753,-0.05700587885138682,0.007936179029628999,-0.32919041316099135,-inf,32.43096375465393
12,BC,0,POm,58,0.017986709002707536,0.2654662940326584,0.059360067919197096,0.3102523670878208,-0.09703324139907726,0.13142724666157704,0.06775515162197865,-23.381153570416963,110.53331348896026
13,BC,0,POm,59,-0.1803597231445,0.5368439946250869,0.1200419665294226,0.4081522884442661,-0.3906649412081773,0.06190991620623795,-0.3359630077830281,-inf,69.23127261400222
14,BC,0,POm,60,0.3080222176327748,0.6560648081924771,0.146700550876374,0.29151475557035766,0.0546996329731962,0.614381989894034,0.4694996801938001,-6.567293984469234,111.34630864858627
15,BC,0,POm,61,-0.2179029124537511,0.31983699739276605,0.07151772678896479,0.5159117435931666,-0.3547162206380118,-0.08223795160138726,-0.6812936409172266,-inf,168.62461533546448
16,BC,0,POm,62,-0.14420373398254077,0.4794264549196738,0.1072030143412129,0.5527085044390923,-0.35221399319210844,0.0600265582599737,-0.3007838480809358,-inf,66.82615523338318
17,BC,1,POm,46,1.0537241928464525,1.8530643090610248,0.41435777617391306,2.865833057844398,0.2348553454026385,1.8433634832155368,0.5686387610478506,-4.903270802322384,117.30936125516891
18,BC,1,POm,47,0.060342233707210015,1.049494527334944,0.2346741105134946,1.0515144988065082,-0.3661136435092948,0.5031549442501628,0.05749647295488175,-24.807175914281725,53.71406525373459
19,BC,1,POm,48,0.3513827947300232,0.70532541446342,0.15771555729984205,1.1434804379141923,0.04937788339437371,0.6484002232629668,0.4981853588777026,-6.052180801026667,46.127026164531706
20,BC,1,POm,49,-0.13620781007081698,0.6065685422373428,0.13563284934556508,0.5880644480607802,-0.3993041740528253,0.10642680086238826,-0.2245546885244183,-inf,30.434833788871764
21,BC,1,POm,50,1.0542698723527415,0.7661756446871464,0.17132208242251848,0.9772591116560285,0.7144330520008345,1.3829736128237344,1.3760159040075375,2.7724690701816783,101.21551948785782
22,BC,1,POm,51,1.7074864588456662,2.183233773784445,0.4881859128955417,2.4028133300999244,0.7997738131313115,2.6136244814977894,0.7820905298134371,-2.1348594574010895,120.46810711622238
23,BC,1,POm,52,-0.012042507800337887,7.987227674944168,1.7859984032942753,10.721658262576433,-3.2882260428778416,3.5702048179656862,-0.0015077206122613835,-inf,138.13942724466324
24,BC,1,POm,53,0.7609251181347958,1.8019170235231745,0.4029208954411906,2.4275823637622302,-0.027055328820701288,1.5166117723636932,0.422286436168413,-7.487857357616704,111.47136936187744
25,BC,1,POm,54,0.306183650051269,0.6081045634908482,0.13597631413933733,0.8833019627279519,0.053402474765245594,0.5621653184121208,0.5035049371996317,-5.959925330884783,69.01124418973923
26,BC,1,POm,55,-0.005207417824601279,1.0129682795741706,0.2265065932178857,1.0946731169279058,-0.4112896227203148,0.4387907385628426,-0.005140751126768118,-inf,80.06302508115769
27,BC,1,POm,56,-0.48123251273243606,0.7715127307236183,0.1725154911404501,1.0730235876837302,-0.7869412056192953,-0.13774273102104626,-0.6237518754629983,-inf,60.756408059597014
28,BC,1,POm,57,0.05462688473177021,0.19532398098412204,0.04367576991163731,0.25080641087829214,-0.028228627261210257,0.136871334423575,0.2796732098974106,-11.066982660482157,13.510135018825531
29,BC,1,POm,58,0.6027120692181247,1.057902442326213,0.23655417746044632,1.7048366349460915,0.14522880178601713,1.0536728550285686,0.5697236768759376,-4.886714630599672,69.9883055448532
30,BC,1,POm,59,-0.6329323220317518,0.6348315506359236,0.14195265014835248,0.7668165356363845,-0.8971103425137409,-0.36588000946321647,-0.9970082951890634,-inf,95.7230490207672
31,BC,1,POm,60,-0.34346219595750077,1.0526959895608259,0.23538997922994156,1.0270366295511089,-0.7743115317300123,0.1140955789391112,-0.32626912172505734,-inf,120.65800776481629
32,BC,1,POm,61,-0.650552759489931,0.6615184454122437,0.14792002123117606,0.8273993934842458,-0.9327632025545586,-0.37781512861656547,-0.983423461585445,-inf,69.50312684774399
33,BC,1,POm,62,0.1505062168015911,1.6670295777279363,0.3727591456302435,2.7165600399256675,-0.5941667180443001,0.8565775575412377,0.09028407102813513,-20.887777324806898,162.40103307962417
34,BC,10,POm,46,-0.040586020868919805,0.5802779530142081,0.12975409487841982,0.683165370313624,-0.29393851259784287,0.20047255664486457,-0.06994237960980408,-inf,276.7870991706848
35,BC,10,POm,47,-0.019289022607075525,0.34563112892719716,0.07728546994212068,0.4656377833754526,-0.1692205381189111,0.12721199131094163,-0.05580811736184363,-inf,306.6344776988029
36,BC,10,POm,48,0.06203407160628664,0.6587404672698409,0.14729884643453395,1.1346563309143658,-0.210916611077771,0.34776306562002757,0.09417073140107472,-20.52168113016016,204.03202397823333
37,BC,10,POm,49,-0.003960563371180559,0.21898618106339804,0.04896679869908352,0.20754118654000786,-0.0892398145201137,0.09643897767835276,-0.018085905475624272,-inf,64.98641406297683
38,BC,10,POm,50,0.32441868508274396,0.6653775795116927,0.14878294984924162,0.8000523563281483,0.056853387010474446,0.6089722267180222,0.4875708095256656,-6.239246062771587,238.1807825922966
39,BC,10,POm,51,0.5917582361674647,1.5738005847179215,0.3519125090458189,1.5642512052085351,-0.08779106934916357,1.271417883565502,0.3760058560872424,-8.496107822373917,399.72748696804047
40,BC,10,POm,52,0.24662683312843542,3.611382244690945,0.8075296191864731,3.967680928678199,-1.4321433557764442,1.7442854151169889,0.06829153393856298,-23.312662644278355,341.2557604908943
41,BC,10,POm,53,-0.5178283737419335,0.6092530870667302,0.13623313181828067,0.904475422511652,-0.7770547991140965,-0.26154157092516606,-0.8499396798053759,-inf,156.48736162185668
42,BC,10,POm,54,0.04655835215419764,0.3215405639142337,0.07189865584358424,0.49952949840337535,-0.08927504291141071,0.19399495285822574,0.1447977561133357,-16.784763364317094,82.37974767684936
43,BC,10,POm,55,-0.21064912348646841,0.386490305132182,0.08642185949201948,0.5498184444767791,-0.38187076489639543,-0.05702174829761668,-0.5450308085074091,-inf,148.50028736591338
44,BC,10,POm,56,0.07538512551336148,0.4356170843729446,0.09740694128181654,0.5886295601774876,-0.11038597766016438,0.2560955058147247,0.17305364784275093,-15.23638483334562,102.92961393594742
45,BC,10,POm,57,-0.0482790280110728,0.10421351613218523,0.02330285062458371,0.18862825048401471,-0.09477188951958244,-0.006460704263487827,-0.46327031082835074,-inf,21.244049537181855
46,BC,10,POm,58,0.08153611091419535,0.2530711154397088,0.056588421726488536,0.19492275670379655,-0.019749822380989976,0.19079499595916768,0.32218655523972817,-9.837851730665285,99.52887364625931
47,BC,10,POm,59,-0.1780454779344028,0.4192741749025408,0.09375255562922175,0.4837513001645055,-0.34897297995413074,-0.0007457937187012775,-0.4246516685073413,-inf,84.23763083219528
48,BC,10,POm,60,0.37436111912660835,0.8981679078099382,0.2008364497071786,0.7881968563078434,0.034905282113132284,0.7886290497228338,0.41680527201137446,-7.601335928961031,126.53614292144775
49,BC,10,POm,61,-0.15441475550663952,0.29767956511770816,0.06656317431157706,0.39106091278121546,-0.27894372146748536,-0.022602037488402223,-0.5187281009550689,-inf,179.9448423743248
50,BC,10,POm,62,-0.18685678572198333,0.4474272838324271,0.10004778216373995,0.5744596583357264,-0.37847193406079116,-0.0031238108937040304,-0.4176249247061249,-inf,167.94953093528747
51,BC,11,POm,46,0.5780347237143338,1.2293401390196999,0.27488881183170905,1.7336107479298697,0.03189769410628628,1.0968326055955326,0.4701991787035199,-6.554362675843912,189.09123648405074
52,BC,11,POm,47,0.24973588050160522,0.8625389835877557,0.19286958005457971,1.2410331972106583,-0.07796082949719244,0.6649714450930327,0.28953576041609347,-10.765955782616551,122.42698049545288
53,BC,11,POm,48,0.6359719503330421,0.6813978808157435,0.15236519812283023,1.1154963740932153,0.3366730197477221,0.9254279415922668,0.9333342063988822,-0.5992563425337314,128.11014127731323
54,BC,11,POm,49,-0.0345885249736936,0.39533933714525904,0.08840056320365068,0.5880090257244563,-0.19719768871719212,0.14345952872300316,-0.08749072435709776,-inf,73.15323339700699
55,BC,11,POm,50,0.8984282635059024,0.7661839646545879,0.17132394282379548,1.0042505224979799,0.574577011717507,1.2577556427375862,1.1726012354107842,1.3830069481235119,181.83670808076857
56,BC,11,POm,51,1.0449766397454112,2.160801846590722,0.4831699814883927,2.869719273780788,0.0617844030268842,1.9275706004659239,0.48360595461085815,-6.310167206733315,400.29830076694486
57,BC,11,POm,52,1.5344023953168489,7.281392984236876,1.628168968364371,9.224443727304475,-1.3830786781364928,4.667927445090789,0.21072923802335622,-13.52550406417717,420.2722930908203
58,BC,11,POm,53,0.3428617103145292,1.0052060288651279,0.22477090119350415,1.5002231915547704,-0.07600262834998514,0.7752416562946726,0.3410860067180638,-9.342721948984135,364.6126106142998
59,BC,11,POm,54,0.2616196362340483,0.5359160868420185,0.1198344800414434,0.5404151813610403,0.029273570143654223,0.503983719817912,0.4881727618509996,-6.228529123850537,166.56990331411362
60,BC,11,POm,55,-0.28685722605179115,0.8606902578272355,0.1924561924073519,1.2769086513939847,-0.6740737563732132,0.07295671147547729,-0.3332874090801797,-inf,318.09748009443285
61,BC,11,POm,56,0.2601269339496426,0.5245489683759934,0.11729271508161086,0.7339534531372074,0.04188890936495356,0.4882076826877298,0.4959059108532747,-6.0920143038022525,347.6442098736763
62,BC,11,POm,57,-0.04758989953062113,0.0926366717093599,0.020714189515146034,0.15558082902823417,-0.08717222592579633,-0.009591315477032365,-0.5137263532084854,-inf,33.76314061880112
63,BC,11,POm,58,-0.12049438057766419,0.7609686160776618,0.1701577554293591,1.1736291450444023,-0.4357293730237325,0.21472107013448308,-0.15834342971821977,-inf,288.96735327243806
64,BC,11,POm,59,-0.251880381012535,0.534839492224306,0.11959374616650184,0.7673869609253456,-0.47912411988094156,-0.013042087131145769,-0.4709457410577659,-inf,34.74884568452835
65,BC,11,POm,60,-0.3243810818388148,0.9168943665579489,0.20502381318101834,0.9249916436199292,-0.7479614172631466,0.050501039315656006,-0.35378239159277625,-inf,59.29979455471039
66,BC,11,POm,61,-0.9740001879315792,0.8462289287287471,0.18922254091643032,1.463459783849201,-1.3267089191944115,-0.6139831737752421,-1.1509889993890627,-inf,101.84142198562623
67,BC,11,POm,62,-0.49902192766064424,0.8607225264254852,0.19246340788527438,1.517863195313316,-0.8836320176609869,-0.1317716258306201,-0.5797709625807566,-inf,78.82297043800354
68,BC,12,POm,46,0.17025219596614108,0.641537957560534,0.14345224832517292,1.0118067654296539,-0.08837239179714479,0.4415705816820927,0.2653813292880281,-11.522592697435645,104.53567786216736
69,BC,12,POm,47,-0.05868627688837549,0.36304164610829287,0.08117857993615649,0.46827893376798,-0.21091657236196662,0.10286619077393123,-0.1616516383656705,-inf,111.74596744775772
70,BC,12,POm,48,0.2354964418683984,0.45351584666387657,0.10140922620137992,0.7450435738529446,0.0429426784729154,0.4334480776603176,0.5192683863215406,-5.6921623393192755,110.24814865589141
71,BC,12,POm,49,0.01938802744932131,0.2281080525293744,0.0510065111670774,0.17358784786370096,-0.06723765857068523,0.12224908363411825,0.08499492777364638,-21.412139816453973,28.335251533985137
72,BC,12,POm,50,0.32892400308133174,0.5907785600106642,0.1321021019833284,0.8150791969264226,0.07337969293501109,0.5781621513552371,0.5567636088137564,-5.086583176565938,195.81928312778473
73,BC,12,POm,51,0.47250982549378334,1.2273268671717492,0.2744386305607886,1.8815428732827897,-0.04029929286648297,1.0246915609569391,0.38499102246709105,-8.290987952087747,202.79310888051987
74,BC,12,POm,52,1.0330077204964112,1.9193815248923392,0.4291867564416475,3.259543031108933,0.2505243277532219,1.8176660504420992,0.5381982201555024,-5.3811548560057485,372.2712401270866
75,BC,12,POm,53,-0.29456285749811856,0.5982092733019195,0.1337636599873842,0.49303617703285596,-0.5462736831637488,-0.031071398062279456,-0.4924077085469236,-inf,180.93444669246674
76,BC,12,POm,54,-0.05872892079339653,0.23175146297376634,0.051821202509436705,0.28978681498764036,-0.15975227481506094,0.04006696283675179,-0.25341337672610287,-inf,121.39337346553802
77,BC,12,POm,55,-0.1767869975762025,0.5572030015070459,0.12459437886366724,0.5894002705655037,-0.4093968846379867,0.059184894505720155,-0.3172757452814385,-inf,82.48364812135696
78,BC,12,POm,56,0.008123588570211027,0.22170480447181998,0.04957470137372888,0.2184705350651619,-0.08586880548388232,0.10786731978875118,0.036641463812948555,-28.720543695068777,125.06240221261979
79,BC,12,POm,57,-0.12452392020287043,0.08356933115558399,0.018686670529807683,0.10828625268257486,-0.15910299737845357,-0.0892703821887884,-1.490067211032715,-inf,22.09104368686676
80,BC,12,POm,58,0.06913585804480497,0.29274525895724696,0.06545982991191833,0.2689008738815204,-0.043960930445012106,0.2116150579026788,0.23616388627800697,-12.5357302622489,86.79068995714188
81,BC,12,POm,59,-0.20621451770303398,0.478180283994078,0.1069243620510913,0.42515824512269695,-0.4390180029462441,-0.02054710990778452,-0.4312484738613519,-inf,147.3190903902054
82,BC,12,POm,60,0.40117884646812313,0.7549445039922936,0.16881072301666297,0.517685410153506,0.11128292707353142,0.7573280373911756,0.5314017710528538,-5.491540050182126,110.49963375329972
83,BC,12,POm,61,-0.13346679059393446,0.3666019227820984,0.08197468200229008,0.5661278434316905,-0.2843838391838402,0.020044826305184147,-0.3640646224140639,-inf,143.78585062026977
84,BC,12,POm,62,-0.17931967326777887,0.44810913522027596,0.10020024876911822,0.4284750363695906,-0.3549820187551683,0.030316409744720337,-0.40016964434262453,-inf,158.64769327640533
85,BC,3,POm,46,0.2284214429151902,0.9312637074582949,0.20823689548552252,0.9510184969689384,-0.16762110415802045,0.6319014694336706,0.2452811605196369,-12.206716153407658,137.22132622003556
86,BC,3,POm,47,0.0735886309065716,0.7834413901739069,0.17518282048157915,1.0625445244899208,-0.2822803631507091,0.418567427645699,0.09392997591081641,-20.54391578084235,79.28383564949036
87,BC,3,POm,48,0.17369914724149282,0.7030163138172459,0.15719922669866865,1.1698901034474094,-0.14425911237340652,0.468979584863439,0.24707697933542855,-12.143354336259012,82.13448431491852
88,BC,3,POm,49,0.04890698039802137,0.23359753481370119,0.05223399672198095,0.18627293765556452,-0.03149059152298065,0.16522548978937565,0.20936428304787413,-13.581948114869157,58.967295956611636
89,BC,3,POm,50,0.5111226723651129,0.8498475252180043,0.19003168368974244,1.472115419854802,0.13716929567981287,0.8652476218134538,0.6014286765546547,-4.416317365330833,356.96783126592635
90,BC,3,POm,51,0.9037504375739658,1.1700841812916125,0.2616387768765233,1.7476589477577207,0.4030867734170316,1.4067123913184498,0.7723806987770309,-2.243371749105157,256.8517899870873
91,BC,3,POm,52,1.8494624686762635,5.406683369086284,1.2089711546094517,8.507159870343607,-0.44510207436333676,4.187884267856608,0.34206968346822536,-9.317708284547003,369.1439029097557
92,BC,3,POm,53,-0.04372303816352456,0.8643277382854769,0.1932695577644974,1.022698176872339,-0.3670513151122107,0.3412948172559354,-0.05058617955528737,-inf,211.93247582912446
93,BC,3,POm,54,-0.03693230096087863,0.40051133612540324,0.08955705733356688,0.2934061637568304,-0.20336312498219705,0.1298658858276888,-0.09221287296925557,-inf,139.03506355285646
94,BC,3,POm,55,0.01171603433783588,0.549314796284736,0.12283052255391186,0.45873305008686316,-0.19561072916370562,0.26337841375073967,0.021328452131777097,-33.420813228583114,220.99676815271377
95,BC,3,POm,56,0.16674813121263304,0.5523269383348527,0.12350405799210651,0.4870289932204628,-0.08511526325373567,0.3948240207575468,0.30190113796611645,-10.402704999460301,101.74949060678482
96,BC,3,POm,57,0.16624659875686398,0.10507973378905054,0.023496542780989855,0.13445136144465786,0.12143672858137823,0.21130796276954533,1.5820995425303135,3.984676099182644,18.37729127407074
97,BC,3,POm,58,0.08129830707510077,0.5098662575689862,0.11400956113576698,0.564887714758969,-0.1457806791889994,0.28845819447821247,0.15945025949104097,-15.947495392900153,111.06635472774505
98,BC,3,POm,59,-0.1608193671721775,0.4709695890275326,0.1053120016400702,0.781136833994176,-0.3629680605353875,0.032666217234115426,-0.34146444042011403,-inf,101.57149231433868
99,BC,3,POm,60,0.1874241974235961,0.8197025383054499,0.18329105969801113,1.1680867701267061,-0.17063347580953017,0.5258585825601642,0.22864903872452724,-12.81661240239557,106.35541394948959
100,BC,3,POm,61,-0.3526701944229629,0.5736949906943191,0.12828209975436067,0.8845789923623233,-0.5818830495817714,-0.11416267158405546,-0.6147346589102005,-inf,90.2678591966629
101,BC,3,POm,62,-0.4007212027324826,0.8897181558178358,0.19894702772244308,1.4234634585594748,-0.7630445954607661,-0.025998198396580737,-0.45039117175723653,-inf,134.08802893161774
102,BC,4,POm,46,-0.002430874581565945,0.8843629680716297,0.19774957133916402,1.2093756091865409,-0.3855546138039233,0.37978218871233327,-0.0027487295028493937,-inf,144.5226330757141
103,BC,4,POm,47,0.1316295681110386,0.41194717324558056,0.09211418825160007,0.40760306120822953,-0.03598583592764536,0.31665280279761293,0.31953021324063846,-9.909761415318517,140.15267736911773
104,BC,4,POm,48,0.23583864741502508,0.6634547438635323,0.14835299072735697,0.6074692194201425,-0.05372659010768807,0.5080304365061656,0.3554705872500858,-8.98392656666982,97.12100124359131
105,BC,4,POm,49,0.009310859104679192,0.236016412691447,0.052774874258371955,0.31382687524096786,-0.08689819482637291,0.1161542283258444,0.039450049250818936,-28.07904900531654,40.50946984291077
106,BC,4,POm,50,0.24660716573392918,0.9624332475675644,0.21520661653669582,1.4852493674522016,-0.16454810500109143,0.6460378681138613,0.2562330076991827,-11.827298511478403,182.4726122021675
107,BC,4,POm,51,0.4539314730963554,1.6708048387862218,0.3736033196661569,1.978368345649919,-0.27585514781348064,1.167495445931142,0.2716843179758325,-11.318708579681694,261.4681927442551
108,BC,4,POm,52,1.0261635856782505,4.050592605877171,0.9057400415899367,4.946545299583846,-0.682058606809203,2.7604204221766118,0.25333665602147887,-11.926039326488198,249.19031838178634
109,BC,4,POm,53,-0.40037582685821677,0.8407231550621459,0.18799141249770546,0.3836554884185652,-0.7216433565395025,-0.021927747179224976,-0.4762279050451764,-inf,130.05252507925033
110,BC,4,POm,54,-0.032739612110429125,0.27641575510736216,0.06180844184719964,0.3692475912787714,-0.1440999299788279,0.08755168208711307,-0.11844336477026352,-inf,93.42750619649887
111,BC,4,POm,55,-0.0866695266262905,0.48809682657482417,0.10914176838232327,0.5632863745947638,-0.30628934021344945,0.10521385949743063,-0.1775662571594373,-inf,130.43757591247558
112,BC,4,POm,56,0.022959533997997994,0.7299331788768364,0.16321802070011196,0.7957483651006907,-0.29769684932868473,0.3262799790114418,0.03145429562926063,-30.04640071458692,97.3856547832489
113,BC,4,POm,57,-0.00296268481866947,0.07228859006043267,0.016164220137274306,0.09712222000484039,-0.03486965877590105,0.026656730736547205,-0.0409841278712545,-inf,35.93013297319412
114,BC,4,POm,58,0.05376779400938218,0.3088486175104379,0.0690606503510171,0.17683372961466493,-0.06326904537097278,0.19959288128001465,0.17409109499272743,-15.184468861907195,126.78692367076874
115,BC,4,POm,59,-0.23024630306863472,0.4750531977355596,0.10622512430653604,0.45224736522919073,-0.4294477309038632,-0.024322858239692102,-0.48467477782730833,-inf,133.62920109033584
116,BC,4,POm,60,0.48342699045806936,0.7640462921591178,0.1708459447224452,0.7375793529874137,0.1672989031334272,0.8372634686878193,0.6327195032802966,-3.9757755682386757,141.5770467877388
117,BC,4,POm,61,-0.1513986009253941,0.2892477023156848,0.06467775247134945,0.41045535348792406,-0.27537763690773187,-0.032164580237615516,-0.5234219657176662,-inf,126.22423350811005
118,BC,4,POm,62,-0.4903770262234762,0.6550662917225397,0.14647727580603065,1.192345704455576,-0.7623734045734156,-0.20226086069859275,-0.748591451613237,-inf,128.316950237751
119,BC,5,POm,46,0.1678884630505685,0.6044758215507644,0.13516490277425414,0.8728466989767263,-0.08751326793502279,0.4144529291243884,0.27774223064845793,-11.1271616168649,147.008930683136
120,BC,5,POm,47,-0.20879325994121026,0.4364562541556311,0.09759458534969162,0.5699568613658474,-0.40140504824601725,-0.03016516822601968,-0.4783830176638023,-inf,198.44647570848466
121,BC,5,POm,48,0.20965256300433027,0.6379307413374689,0.14264565025674153,0.6334372103359076,-0.0530087631540059,0.487272545269877,0.32864470924348027,-9.665467098182349,107.19355272054672
122,BC,5,POm,49,0.004845458096719479,0.25171894617296553,0.05628606748673615,0.26608512613601265,-0.0954559511653303,0.11595274491116832,0.01924947712672364,-34.31162125460335,46.4845797419548
123,BC,5,POm,50,0.5603198909967112,0.9032371644014648,0.20196996994058283,1.1461967484871636,0.16539880306827834,0.9222064067358977,0.6203463642552953,-4.147315175096675,194.71632624864577
124,BC,5,POm,51,0.6064369670470697,1.3848437666724562,0.30966048004964697,1.9398743346654754,0.04766542183267157,1.1790175278384833,0.4379100239619336,-7.172302269871621,193.13167365789414
125,BC,5,POm,52,-0.151740475010007,2.245353517749581,0.5020763099206343,1.8566016690975786,-1.1531507152992038,0.8058651409492031,-0.06757977031700994,-inf,267.48579785823824
126,BC,5,POm,53,-0.20783337969105348,0.59503995595586,0.1330549790845784,0.7728036903732729,-0.4655666709372264,0.027144326554937506,-0.3492763428922923,-inf,168.95577288866042
127,BC,5,POm,54,-0.07914982594489946,0.31612064312933646,0.07068672471281481,0.5105112236464544,-0.20938925947746578,0.06160459881560481,-0.2503785427024972,-inf,119.08579068183899
128,BC,5,POm,55,-0.11416156988368904,0.4422543851399682,0.09889108685203417,0.5219711609410709,-0.304689230769611,0.08279505680993937,-0.2581355295042655,-inf,129.73478816747667
129,BC,5,POm,56,-0.03335507118853158,0.35881980963979354,0.08023454860281126,0.2731503787144174,-0.16946883239680652,0.1289738888820683,-0.09295771942473173,-inf,77.90606982707978
130,BC,5,POm,57,0.00862193461214562,0.06947014286993322,0.0155339961863793,0.06504158747082145,-0.02215434901705368,0.03755254949148237,0.12410993062571066,-18.123869342886174,11.909111058712005
131,BC,5,POm,58,0.0444985647953489,0.2577535054249267,0.05763543595689969,0.346555962083138,-0.061421834755926226,0.1583072685580145,0.17263999852102713,-15.257171527633597,47.71903973817825
132,BC,5,POm,59,-0.12324008715094496,0.3840292066686519,0.08587154114564212,0.44214411037551304,-0.2844305811193694,0.0427800769876291,-0.32091331859891314,-inf,78.46259887218476
133,BC,5,POm,60,0.49891382176023563,0.720355928582141,0.1610764824304651,0.4606124456686622,0.2144534576643593,0.8201784402506865,0.6925934832551951,-3.190431982546741,89.36176410913467
134,BC,5,POm,61,0.06014202631171557,0.3233984907635088,0.07231410091680435,0.2799373968786103,-0.07692310433119245,0.19935576148150239,0.18596879091713373,-14.611198650019489,61.43201731443405
135,BC,5,POm,62,-0.22066816011552176,0.3678725435250794,0.08225880143778276,0.4103005085130107,-0.37780299431622844,-0.06635477671643178,-0.5998494967876772,-inf,98.28410024642945
136,BC,6,POm,46,0.12117573724350379,0.4509305211752771,0.10083112984773279,0.602648965239549,-0.0731633547456561,0.31405950054711096,0.2687237424685269,-11.413879215620785,212.28443208932876
137,BC,6,POm,47,0.10167948287914896,0.3146979680427838,0.07036860489247211,0.4471362986530796,-0.03235643583454108,0.23841371564187747,0.3231018093682938,-9.813212198578379,236.32708131074907
138,BC,6,POm,48,-0.12459240656505237,0.4777041392024995,0.1068178928389811,0.4930531028988163,-0.308518585885659,0.08642872646704856,-0.260815003137826,-inf,121.30024901628494
139,BC,6,POm,49,0.04243553823515818,0.24679285069366788,0.05518455905119975,0.26664128287069166,-0.05567185369184243,0.1480592025795304,0.17194800463580437,-15.292057191336312,34.407607567310336
140,BC,6,POm,50,0.3617598384526026,0.7613722479053203,0.17024801024981182,1.2028473061054044,0.052959529770252436,0.6958825956214053,0.47514187632642596,-6.463533832532291,255.8043566942215
141,BC,6,POm,51,0.6545348536883993,1.281209221240623,0.28648709120936,1.8372852957784147,0.12179313859717852,1.2265285228386322,0.5108727308835623,-5.833745565178765,424.8576275348663
142,BC,6,POm,52,0.988314738096608,1.7606411268697026,0.39369132436624865,2.8034473166899545,0.22980165310983544,1.7542352722313466,0.5613379825187673,-5.01551141143354,504.94533368349073
143,BC,6,POm,53,-0.16483396134139738,0.4889284078966175,0.10932771561875816,0.4639239176032639,-0.38140233246664157,0.0416212527824986,-0.3371331235395327,-inf,253.61500091552733
144,BC,6,POm,54,-0.06664123743615366,0.24827006950189962,0.055514875218484486,0.29847040429773397,-0.17458495308103633,0.04090688732533876,-0.2684223578373943,-inf,169.89794945716858
145,BC,6,POm,55,-0.31084646441270253,0.46354754640722245,0.10365238245697878,0.497337145175468,-0.5093084434660168,-0.12132189249651311,-0.6705816195597477,-inf,136.07185245752333
146,BC,6,POm,56,0.0466604434156217,0.5667777598772717,0.12673535992206325,0.7275236097049191,-0.19420523008587673,0.2926457647084593,0.08232581925184468,-21.689278775689424,119.06344610452652
147,BC,6,POm,57,-0.08745762642532198,0.07487414007207284,0.016742366695799586,0.10977389316185848,-0.12004605272374844,-0.05496574135874397,-1.1680618480711291,-inf,17.33440351486206
148,BC,6,POm,58,0.06987485995270823,0.35494553812376095,0.07936823515549726,0.4225760392289919,-0.07617772655696481,0.22188230680790208,0.19686079256571623,-14.116815414960314,64.36167269945145
149,BC,6,POm,59,-0.22197207930006807,0.47666437604763995,0.10658539472950454,0.5535302564155797,-0.4312080173416748,-0.01520225970740818,-0.4656779286520107,-inf,95.86874804496765
150,BC,6,POm,60,0.3981385493294834,0.7446548352831088,0.16650988314669402,0.5165752807119013,0.11570440141484722,0.7471417188779026,0.5346618734814444,-5.4384156831319865,93.83171331882477
151,BC,6,POm,61,-0.3055087987017565,0.40461950911528166,0.09047567274043655,0.5769526413580248,-0.4845480950669319,-0.1435606413067616,-0.7550520719323814,-inf,163.59800901412964
152,BC,6,POm,62,-0.028351591000130582,0.5217566180950711,0.11666832657709758,0.5008705425375126,-0.24501471448292167,0.2089003179400424,-0.05433872809058368,-inf,296.0390226721764
153,BC,7,POm,46,0.038421995892655755,0.6964505725856969,0.15573108232702695,0.9936051596080908,-0.24134893265328872,0.3258036395220369,0.05516830254013181,-25.166207570725646,365.98027523756025
154,BC,7,POm,47,-0.061850991515562725,0.3870217133787408,0.08654068598833042,0.5337626381869214,-0.23286653278113045,0.10030052454446083,-0.1598127169031344,-inf,221.04285056591033
155,BC,7,POm,48,0.06147874160065854,0.5575894400698556,0.12468078915322421,0.7924380762475867,-0.1851204043822812,0.2993469188556946,0.11025808091515578,-19.15179141711166,207.32816178798674
156,BC,7,POm,49,0.012790645662240151,0.24748788632066313,0.055339973742074305,0.23074609188000705,-0.08475766985710097,0.12617754758901686,0.05168190594051003,-25.733229573563104,114.17233638763427
157,BC,7,POm,50,0.3739781962504495,1.030797218692668,0.23049326520145222,1.4958525742779365,-0.07702148884940355,0.8043342342076992,0.3628048169597856,-8.80653910891102,492.3747633218765
158,BC,7,POm,51,0.7752972591509035,1.2032673218642747,0.2690587526792637,1.9437569001134918,0.26371332613142123,1.2703832198913767,0.6443266970382787,-3.8178774743860178,490.74395015239713
159,BC,7,POm,52,-0.34690263543720334,2.717375484262607,0.6076236303202599,3.3933888489761443,-1.5504509397919848,0.7721431937862945,-0.12766091305609156,-inf,610.9327418327332
160,BC,7,POm,53,-0.384457156212482,0.5936760529901941,0.1327500011099841,0.9592277922453682,-0.6302233646972104,-0.12978441326587475,-0.6475874414608267,-inf,216.88006255626678
161,BC,7,POm,54,-0.09132495664054012,0.3838180995700686,0.08582433616334562,0.7159306457614338,-0.2525701252212954,0.0587538766677793,-0.23793811897572623,-inf,178.59330006837845
162,BC,7,POm,55,-0.07365999265109195,0.48003788219054827,0.10733973363531016,0.5796217654123357,-0.26682431821987496,0.13257342021931998,-0.15344620785959773,-inf,178.12592290639878
163,BC,7,POm,56,0.18389523376425423,0.24767782032136584,0.05538244427575528,0.36661746758223757,0.07421487478571424,0.28596603051322195,0.7424776006412173,-2.586332875626553,190.3724511027336
164,BC,7,POm,57,0.026454714425444593,0.07855496191335554,0.01756542348081699,0.10490338573543123,-0.007520810321326767,0.060567768583404985,0.3367669435652402,-9.453410892840589,16.76488553285599
165,BC,7,POm,58,0.08275710195945311,0.4222025802352778,0.09440736696818902,0.3928211469442058,-0.07940408463757215,0.2787697385615803,0.1960127811472295,-14.15431218503997,127.21698881387711
166,BC,7,POm,59,-0.222352237774677,0.5692915099880763,0.12729745153468391,0.6455992142809803,-0.4533181827579732,0.023686969200338442,-0.390577118881211,-inf,131.88992607593536
167,BC,7,POm,60,0.36298119566408216,0.8687687878194272,0.19426260662943304,1.0220839364423142,0.004846691417036874,0.7424972245553031,0.41781104564673593,-7.58040165571085,129.32511743307114
168,BC,7,POm,61,-0.13410125467808562,0.2670736900366233,0.05971949259235979,0.4221067683582067,-0.24628944689648508,-0.01720795675863708,-0.5021133105986463,-inf,182.00685123205184
169,BC,7,POm,62,-0.13031079034204715,0.5287395219580601,0.11822975134889649,0.7154849163450443,-0.339363335538461,0.10472403073836307,-0.24645555123148802,-inf,173.91660076379776
170,BC,8,POm,46,-0.1055025495071078,0.7437254483078124,0.16630206590127744,1.0517373553673899,-0.44327782025839996,0.18938536486968988,-0.14185685019539968,-inf,156.56884669065477
171,BC,8,POm,47,0.02638676081396767,0.3437691029646693,0.0768691082793125,0.3698557857223417,-0.11215522840191759,0.18052554901619133,0.07675722043199315,-22.29761521049373,151.4483766078949
172,BC,8,POm,48,0.09949204529950606,0.474298772443008,0.10605642968272698,0.666681120658863,-0.09196233405298732,0.31656820065317354,0.20976660931894164,-13.56527283406333,146.84645379781722
173,BC,8,POm,49,-0.03865563087840682,0.20246406951955814,0.04527234224469752,0.18124874201536922,-0.11869580365192652,0.05650308119097151,-0.19092588117059786,-inf,43.92829316854477
174,BC,8,POm,50,0.30078681373513094,1.144472486162074,0.2559118277436585,1.3785355694809454,-0.17251243770032085,0.7968049246245889,0.26281698981143975,-11.606931264523872,171.99649550914765
175,BC,8,POm,51,0.3345717777935732,1.4969411205954144,0.3347262103966057,1.698724122212198,-0.32595287110190774,0.9488007703521033,0.22350363230084558,-13.014308289531687,220.43988398313522
176,BC,8,POm,52,0.5426196777782366,2.169997930864787,0.48522628844475524,2.3206295705765783,-0.4004865460229748,1.4345982038385257,0.25005538948232636,-12.039275611991489,270.162235891819
177,BC,8,POm,53,-0.20366026299311174,0.6044433921084745,0.1351576513305109,0.6731881591760391,-0.46826778916571743,0.044341521993851,-0.33693852170785665,-inf,230.60818275213242
178,BC,8,POm,54,-0.0595815976553844,0.30599405702564736,0.06842235122202946,0.42863870539087223,-0.19099159428132775,0.0595781725489446,-0.1947148851011524,-inf,130.3195186495781
179,BC,8,POm,55,-0.1732307206699577,0.4272604229263068,0.09553833497585315,0.4584311184625136,-0.3529376734123587,0.020447677875303775,-0.4054452773404577,-inf,190.27897518873215
180,BC,8,POm,56,-0.025802051221995016,0.38823496405010194,0.0868119770858215,0.39626250348398173,-0.2009902875515377,0.12758545945948538,-0.06645988540760396,-inf,148.4067482471466
181,BC,8,POm,57,-0.07226971932743373,0.09833159118263277,0.02198761222200858,0.1212096400584371,-0.11654665535622419,-0.03292216213915281,-0.7349593193626459,-inf,23.795081067085267
182,BC,8,POm,58,0.04020770700789207,0.26761814746370377,0.059841236974140455,0.23864451086250504,-0.05904241745298561,0.17023178443956374,0.15024282691197285,-16.46412506962099,157.31264079809188
183,BC,8,POm,59,-0.02443619640016692,0.45045077306581244,0.10072385490924879,0.5743578892657268,-0.21064419270353463,0.1691877783005084,-0.05424831715539471,-inf,131.38708587884904
184,BC,8,POm,60,0.24000503249620236,0.7402166934876736,0.1655174844718564,0.5228030432007085,-0.0463378252866688,0.5832598152409312,0.3242361792266159,-9.78277053855784,92.01330295801162
185,BC,8,POm,61,-0.03248461790928729,0.2302176901255603,0.051478240474373486,0.3148577718235739,-0.1337893690041307,0.06020455325841394,-0.14110391730353233,-inf,56.52620997428894
186,BC,8,POm,62,-0.06397663561359615,0.421707073903513,0.09429656838407825,0.4549964259366064,-0.23458735756408053,0.1259761801582343,-0.15170870865740818,-inf,111.39044915437698
187,BC,9,POm,46,0.6504121535363844,1.1337722268360122,0.25351917702066346,1.703511514741848,0.15847119311665878,1.141149984171154,0.5736709174394509,-4.826743327110221,98.47596671581269
188,BC,9,POm,47,0.12382572184056322,0.8463918991955802,0.1892589822206467,1.1361973802503869,-0.23337306938025476,0.5005493000000225,0.14629833054669886,-16.695212594170922,78.59036275148392
189,BC,9,POm,48,0.5880850129668073,0.8098820677034801,0.18109513571430685,1.1796155151659455,0.2727436588910414,0.9463382999304548,0.7261366023752006,-2.7796334240923533,61.28355618715286
190,BC,9,POm,49,0.05595725240123102,0.32481473839185515,0.07263078351379988,0.5554723364090517,-0.07627074034566556,0.19431228457722932,0.17227436377509578,-15.275586905987186,49.47166361808777
191,BC,9,POm,50,0.10257124242305622,0.9346829493177992,0.20900146120845894,1.5525148844353467,-0.30787663074420935,0.527245269845067,0.10973907515689711,-19.192774084174534,129.8616587638855
192,BC,9,POm,51,1.415714819291057,2.6971268810652735,0.6030959050003942,2.4276959797612037,0.2761227921129318,2.5556276540227962,0.5248973747693685,-5.5985119862842865,157.1163874745369
193,BC,9,POm,52,0.8691813531682555,7.266412971780283,1.6248193357486973,9.204539846569112,-2.123921419668914,4.040229994442516,0.11961628888198253,-18.444193515669063,200.71034866571426
194,BC,9,POm,53,0.4017512149765423,1.0087737089182065,0.22556865870556955,1.4443229451740685,-0.039643392258606185,0.8254675097304085,0.39825702377530653,-7.996731122340317,163.30489324331285
195,BC,9,POm,54,0.1095149623695594,0.40175744413469155,0.08983569555517444,0.4967980199692219,-0.058386061892272044,0.28419594343890914,0.27258975276844866,-11.28980948505001,84.15924767255783
196,BC,9,POm,55,-0.1970926052881655,0.8726500470467089,0.19513048257648305,0.9289752793634438,-0.5845750087382761,0.16465886061808652,-0.22585526231870592,-inf,196.9680898666382
197,BC,9,POm,56,-0.15371534556146002,0.5539299966216918,0.12386251272223317,0.6530940915537418,-0.3787246407398684,0.08345136971760726,-0.2774995874910894,-inf,146.36449099779128
198,BC,9,POm,57,-0.01822637400029854,0.08614115378868281,0.01926174755317583,0.09339366290552381,-0.054153971746748665,0.01947686854293818,-0.21158729827337316,-inf,16.340641295909883
199,BC,9,POm,58,-0.03754256610621347,0.8300673985355858,0.18560871290319791,1.2241168267260845,-0.37995112300028333,0.333133835414741,-0.045228334677938783,-inf,87.0608647942543
200,BC,9,POm,59,-0.11376137616290478,0.5567031708713878,0.12448261333581039,0.7365086894382058,-0.35365202524403894,0.11234063891185142,-0.2043483531535093,-inf,138.95303995609282
201,BC,9,POm,60,-0.3166750783157834,0.921939535846618,0.2061519473297642,0.6707823569318254,-0.7287375843103228,0.0597536031900299,-0.343487903493563,-inf,188.73698904514313
202,BC,9,POm,61,-0.8516049518545756,0.8457753446613826,0.18912111643561652,1.3019231929612953,-1.2185772394528422,-0.490866788852424,-1.006892618979721,-inf,201.94206314086915
203,BC,9,POm,62,-0.4534264943557293,1.1187617770235818,0.2501627384053191,1.4721547409328952,-0.9263857685773988,0.019430964797401883,-0.4052931586222504,-inf,191.13961298465728
204,POm,46,BC,0,0.1426686494742455,1.0590864214964686,0.23681892325130982,1.313516364608212,-0.2993177672546517,0.6134420454531389,0.13470916686162163,-17.41205699690488,306.7468198060989
205,POm,46,BC,1,-0.09175896187138746,0.14883194033868277,0.03327983358204877,0.25202622700512867,-0.15372007086322226,-0.029062935852422807,-0.6165273506653227,-inf,84.87289576530456
206,POm,46,BC,10,0.06828072957681072,1.8327751522739901,0.409820982795717,2.570150332828085,-0.7008936842283028,0.8255570083495632,0.037255377176023126,-28.57622070833349,289.88975261449815
207,POm,46,BC,11,-0.014923417170597909,0.1343435806681813,0.030040137871478,0.1755746887989531,-0.07204895684188431,0.041756904306656156,-0.11108396170753886,-inf,78.91796045303344
208,POm,46,BC,12,0.20379664982710183,1.1559596975699558,0.25848044630165196,1.3012018925994226,-0.2658835956255181,0.6981625908617303,0.17630082627925578,-15.074913045257986,391.6649518251419
209,POm,46,BC,3,-0.04134705500816231,0.1002406933029843,0.02241450043371808,0.10401005531425467,-0.08636068903225594,0.0016740548660513885,-0.41247774377605345,-inf,142.8652719140053
210,POm,46,BC,4,0.07385658956817256,0.763077378300712,0.17062928899727148,1.0110212878586706,-0.24987613247006135,0.40882423527717726,0.09678781165370533,-20.283586586232133,161.0231225371361
211,POm,46,BC,5,0.22474902722324613,1.1270244719000986,0.2520103331474422,0.9478193242593917,-0.2484010332769717,0.6587682178169192,0.19941805420101674,-14.00471051277081,429.2939800620079
212,POm,46,BC,6,-0.24392793793216255,1.1591779925301327,0.259200078931912,1.0099125403970817,-0.7177793389993206,0.272543547764361,-0.21043182281242429,-inf,260.3256674528122
213,POm,46,BC,7,-0.07702098330201039,0.9600958631109165,0.2146839614832342,1.6274681936978581,-0.47038420863864133,0.33458088791501706,-0.080222180160683,-inf,211.84253680706024
214,POm,46,BC,8,0.027525369010162136,1.8290725009508082,0.4089930447901556,2.5198436784351017,-0.7431624496642247,0.8025293032886587,0.015048812442291708,-36.44995541018546,347.42554035186765
215,POm,46,BC,9,-0.01290973162615745,0.1506018707533022,0.03367560205430212,0.24191242240623057,-0.07661361828132934,0.050857203229268524,-0.08572092472413316,-inf,46.42289884090424
216,POm,47,BC,0,0.030750977674137658,0.8200012919161352,0.1833578630362127,0.930175802823058,-0.3315004607062827,0.368285235145247,0.03750113320221778,-28.519112172894026,166.00664159059525
217,POm,47,BC,1,-0.0550178254910602,0.18133173023399934,0.04054700752808764,0.17149599587045206,-0.14355687608693052,0.013673076184590535,-0.3034098082010385,-inf,39.99184856414795
218,POm,47,BC,10,-0.009831320909257358,1.1599469758093608,0.2593720288205035,0.758758736979086,-0.5573230403588662,0.4656776640123763,-0.008475664072831852,-inf,200.14200130701064
219,POm,47,BC,11,0.04372646564190208,0.12333170394954807,0.027577807381206874,0.140065612532134,-0.009378004392183493,0.09168202391926025,0.3545435945634019,-9.006607129827687,22.39221876859665
220,POm,47,BC,12,-0.8460235924314261,2.002544539454337,0.4477825718190907,2.6649551306723964,-1.7092938725561362,0.03747760088031853,-0.42247429495972894,-inf,189.2519997239113
221,POm,47,BC,3,0.006215765654151007,0.10827437254142522,0.024210885722376344,0.16042778356751297,-0.03816243873710091,0.05368958530710671,0.05740754259991566,-24.820620864820853,73.634164083004
222,POm,47,BC,4,0.23523109742329423,0.5510828000368777,0.12322586021133822,0.41843975473200956,0.0034550494883994077,0.46271148589116934,0.4268525481244432,-7.394442433700239,84.25753568410873
223,POm,47,BC,5,-0.07015258795743691,1.133790863492469,0.2535233443037345,2.0319352856268083,-0.5505403570236325,0.3947488678872032,-0.06187436344419166,-inf,230.5018510222435
224,POm,47,BC,6,0.10338851469027262,0.783946744124712,0.175295821060249,0.9187985809858823,-0.25511575952764476,0.4193185140170796,0.1318820640115132,-17.596285291573096,147.14200929403304
225,POm,47,BC,7,-0.025366442827957768,0.847969533881167,0.18961175206071004,1.2340600992576753,-0.3999388234686454,0.33791963522684665,-0.029914332784876416,-inf,130.49036093950272
226,POm,47,BC,8,-0.14953826020746847,2.1849763122229895,0.4885755563357409,2.1080045788360238,-1.12250897839671,0.7521493220406223,-0.06843930498053254,-inf,156.56990290880202
227,POm,47,BC,9,-0.017091647813585586,0.1289657690222612,0.028837622630431263,0.18353623764603344,-0.07002663796573218,0.04105960319123381,-0.13252856120786083,-inf,59.47644361257553
228,POm,48,BC,0,0.32864900455512397,0.8178056991094832,0.18286691355955437,1.1933848028751477,-0.012626242469363462,0.6810603014355631,0.4018668553092662,-7.918356230968071,134.55014214515685
229,POm,48,BC,1,0.048249161883098336,0.1721279789620116,0.03848898617887116,0.1360166711988161,-0.019754595984998992,0.12672068396829322,0.2803098146742713,-11.047233914629835,18.083635413646697
230,POm,48,BC,10,-0.29896652178520283,0.99811074437517,0.2231843473495796,1.0903225198030135,-0.746244127858554,0.11385582061285157,-0.2995324150852215,-inf,125.10767991542816
231,POm,48,BC,11,0.008381067374465933,0.1301379341425108,0.029099726719404494,0.1647281258607518,-0.045553487938383784,0.05974930752211366,0.06440141707865162,-23.822091527751628,36.61621931791306
232,POm,48,BC,12,0.18459202885339607,1.2974467793730282,0.2901179195866263,1.5566345548592793,-0.383832918698259,0.7120771970182623,0.14227329535828623,-16.937532183403455,436.59257583618165
233,POm,48,BC,3,0.01930360890858145,0.07851589184408754,0.017556687147740106,0.12762189722773032,-0.013108934727000395,0.052127098242915955,0.24585607391320824,-12.186381158547766,221.4519624710083
234,POm,48,BC,4,0.22083550631910748,0.6020583432738303,0.13462433819811878,0.7965100457583763,-0.036799827376147946,0.49445441785638067,0.3668008404605171,-8.711393557807689,171.15305658578873
235,POm,48,BC,5,0.09811171638750622,0.974440766710498,0.21789157944116874,1.4404925488447127,-0.3052300899749255,0.519933653393985,0.1006851516677717,-19.94069142789923,269.4641013383865
236,POm,48,BC,6,-0.26040353715568615,0.8684323920711069,0.19418738625337442,1.4781345590417274,-0.6459368791045316,0.10848505253963264,-0.29985470317920204,-inf,265.8272769331932
237,POm,48,BC,7,0.0102064940688102,0.8064824779813062,0.1803349643428678,0.8837111252653145,-0.3462319428220367,0.33078481196698295,0.012655568282596688,-37.95436697225654,195.37653495073317
238,POm,48,BC,8,-0.6995288352590961,2.0531732769310738,0.45910350168038816,1.9572176794411504,-1.5656751866078429,0.10786365441106072,-0.34070618545391274,-inf,296.32070993185044
239,POm,48,BC,9,0.06847373847113683,0.149587206639253,0.03344871626096776,0.21317057834201458,0.00409884435498287,0.13043313549493812,0.4577513011274369,-6.787408251430266,62.278199911117554
240,POm,49,BC,0,0.20189882462937234,1.6049510580465742,0.3588779666352351,2.041030361424287,-0.5041664599771671,0.8552917757754415,0.12579749620222588,-18.006560054822685,146.78144364356996
241,POm,49,BC,1,0.09386041172926973,0.17562456290593487,0.03927084611763584,0.16569729595649618,0.020336733970021715,0.16822248432552236,0.5344378381715416,-5.442056028338556,17.668617820739748
242,POm,49,BC,10,-2.204343690327428,3.9460406752092387,0.8823615191747026,2.5811623831274915,-3.932048221227276,-0.6662156957300327,-0.5586216341296437,-inf,206.69855338335037
243,POm,49,BC,11,0.016809169108072862,0.1489659855898019,0.03330980701140511,0.19113558250492435,-0.04768698394005922,0.0750201497970969,0.1128389748943037,-18.950817358481157,39.777331590652466
244,POm,49,BC,12,0.47038854475962355,1.6851655959121103,0.376814482580342,2.4561927715704144,-0.20660892733722266,1.1960001610234978,0.27913490870018726,-11.08371694218553,187.90329039096832
245,POm,49,BC,3,-0.18853359235536366,0.3059463129185059,0.06841167531512012,0.46430779443340775,-0.325968969182827,-0.060065533077232024,-0.616230967312173,-inf,113.41492918729782
246,POm,49,BC,4,0.23747049019386973,0.6232776104973481,0.13936911059257068,0.6504251376645502,-0.005627706235197419,0.5172469627010999,0.3810027605586197,-8.381437552575163,95.91191874742508
247,POm,49,BC,5,0.8825711884312042,1.0987830780817125,0.24569536551171683,1.4815492238390533,0.41623850054306344,1.359410438864536,0.8032260471029665,-1.903244332425572,166.49354450702668
248,POm,49,BC,6,-0.08033227225748049,0.9645388938496231,0.2156774533590211,1.3385868236848495,-0.4713249645334973,0.338812824630543,-0.08328567439811788,-inf,218.90042670965195
249,POm,49,BC,7,0.6719691617021553,2.218927215036428,0.49616720899457467,2.7089484350278,-0.2501183292929686,1.580684712060876,0.3028351525676896,-10.375874282245105,139.2673635840416
250,POm,49,BC,8,0.5670710368710431,2.655038914022143,0.5936847494660731,2.7302580777715164,-0.6313852555722748,1.6683747944776737,0.21358294745743742,-13.408668489870692,317.62567015886304
251,POm,49,BC,9,0.012945923574941754,0.13814645226375788,0.03089048581121923,0.226496715799966,-0.04408574020894345,0.07010493777861361,0.09371158913458438,-20.56413394831265,47.12390810251236
252,POm,50,BC,0,0.2195571822674097,0.9459186356917818,0.2115138370590683,1.0520752081793425,-0.17350007043780347,0.6402801679198405,0.2321100081793401,-12.686122662372101,169.7157452940941
253,POm,50,BC,1,0.018053757830363983,0.2030955076518022,0.04541353610342584,0.16242768522846707,-0.061521502033223395,0.10559799710819066,0.08889294519165983,-21.022654091261302,31.93447071313858
254,POm,50,BC,10,0.16804397071635221,1.0479744960340498,0.2343342211818219,1.4140391601255544,-0.27592604523868736,0.628748864769811,0.16035120258393415,-15.898555573007268,185.78893642425538
255,POm,50,BC,11,0.003167281181139936,0.09276534563350557,0.020742961879278172,0.11561913139147495,-0.036544588918571604,0.04419726711162348,0.03414293516086418,-29.333982933685675,28.399136233329774
256,POm,50,BC,12,0.0538235177458418,1.4365425890300054,0.3212206881644636,1.6070766417704405,-0.5719437632563139,0.6296818978682558,0.037467401354376116,-28.52692854890153,377.7744479775429
257,POm,50,BC,3,-0.02570216483500465,0.11283592894750236,0.025230880743095156,0.1447072225542212,-0.07342659652482346,0.01944221054760487,-0.22778351784530215,-inf,201.59228835105895
258,POm,50,BC,4,0.0932008611172936,0.5665166081365584,0.12667696461759548,0.44341907313758533,-0.12711310651233584,0.34692248435515316,0.1645156731130248,-15.675854425738208,173.3624203681946
259,POm,50,BC,5,-0.10741502048223808,1.067770786394516,0.23876080627665452,1.0996791929809469,-0.5806425496950449,0.3276430169279124,-0.10059745204768206,-inf,284.71018558740616
260,POm,50,BC,6,0.03668740367434822,0.7904813810133758,0.17675701028938198,1.2786787304000704,-0.28379507620141947,0.3649824419942465,0.0464114709790077,-26.667493334079143,214.49276247024537
261,POm,50,BC,7,-0.19906165966390219,0.5369124581041551,0.12005727542873987,0.798752169230184,-0.4489747103329025,0.023514953183580056,-0.3707525438444686,-inf,187.68052958250047
262,POm,50,BC,8,-0.1116223092627024,1.7332013061584972,0.38755559392618244,1.3206621769306892,-0.8593891338940015,0.6438744340237409,-0.06440239161260752,-inf,235.37757277488708
263,POm,50,BC,9,-0.018720960139521958,0.11671401866294949,0.026098047965753417,0.16784968668619804,-0.0675625317526923,0.028080622715702736,-0.16040027028445444,-inf,64.52895034551621
264,POm,51,BC,0,0.19143530698725825,1.160416966857678,0.25947712201378886,1.828670393953928,-0.28332987346515126,0.6843214727366662,0.16497113749176787,-15.651840621723078,251.33582746982574
265,POm,51,BC,1,0.046910745326096424,0.1551110669409918,0.0346838889742578,0.1830112890434783,-0.011101799674408655,0.11720655100804356,0.30243325799533355,-10.387409040556362,24.33396909236908
266,POm,51,BC,10,-0.24405370128375453,1.0934168306700454,0.24449543611205982,1.5893850936708596,-0.7105681864551326,0.21451794367677796,-0.22320280284527771,-inf,193.40602878332137
267,POm,51,BC,11,-0.04427968864245284,0.12253933469839036,0.02740062823031995,0.14674131141075786,-0.09626869006804112,0.00802491706274302,-0.36135081646591055,-inf,49.566977739334106
268,POm,51,BC,12,0.08185349337346395,1.2209735375605886,0.27301798287138684,1.674245582426316,-0.4698662886260878,0.5863603021765689,0.06703953104258177,-23.473380647200983,254.45465108156205
269,POm,51,BC,3,-0.04860428448577485,0.17871817667460696,0.03996259918592385,0.2925286774137126,-0.12497985880837562,0.02880976567054792,-0.2719604988711859,-inf,64.44693645238877
270,POm,51,BC,4,0.13944813014228732,0.559737653594464,0.1251611443003451,0.6114526893861028,-0.08779144563663649,0.388469960942381,0.24913123004463622,-12.071436554374891,93.53407737016678
271,POm,51,BC,5,0.1911755164544971,0.8050293096784439,0.18001002603207297,1.0915612355773838,-0.18225514735411327,0.5179555314435662,0.23747646719950993,-12.487588408930923,186.4023898601532
272,POm,51,BC,6,-0.40481819895221494,0.8770878295680532,0.1961228009151917,0.6753319152762423,-0.7973482738782939,-0.06451105114633594,-0.46154807455437974,-inf,293.47048952579496
273,POm,51,BC,7,0.24240135343668284,0.6143851081147341,0.13738068661081032,0.6189277072129045,-0.008289564950114106,0.5090270862808428,0.3945430158300896,-8.078112801222542,302.09238423109053
274,POm,51,BC,8,-0.055602102922804875,2.0835292865304664,0.465891311779376,2.056187473800783,-0.9361618366293039,0.7501971080658976,-0.026686499336610995,-inf,229.07516458034516
275,POm,51,BC,9,0.01673742705168526,0.14021107982343942,0.03135215056838597,0.2095091198391379,-0.042678369453147354,0.07258486209558491,0.11937307003670351,-18.461872736090307,40.15733630657196
276,POm,52,BC,0,-0.08070628921643604,0.9501880477891922,0.21246850662644523,1.4443107259096521,-0.4764066570538954,0.30081323852696107,-0.08493717575612092,-inf,312.6706895947456
277,POm,52,BC,1,-0.012736309826858538,0.21971330621233684,0.0491293888252012,0.16736063143102142,-0.11043637800707712,0.07977732392081097,-0.05796785841704929,-inf,14.45526282787323
278,POm,52,BC,10,0.31498908269194387,0.753173105919667,0.16841462636610247,0.9507500797131314,-0.023339939145228354,0.6366627949981979,0.41821605181630106,-7.5719860453139,254.50324456691743
279,POm,52,BC,11,0.010415617493197393,0.12440006051845252,0.027816699172434758,0.15129918815417254,-0.04470349943059967,0.06230061625332275,0.0837267879918147,-21.542711385958988,47.357374620437625
280,POm,52,BC,12,0.2706343864590693,1.6001008513510977,0.35779342744763404,1.9721330019251937,-0.38554928406011857,0.9678433058068902,0.16913583055127449,-15.435287592299947,249.20274351835252
281,POm,52,BC,3,-0.05636334684001918,0.12357614511490693,0.027632466087431043,0.12560911263992613,-0.1104418190116313,-0.007284838502799262,-0.45610216104095075,-inf,115.62635403871536
282,POm,52,BC,4,0.3216975850453684,0.7295441508019743,0.16313103137805723,0.5538392496053435,0.035624533588919274,0.6664729541865612,0.44095697935722217,-7.112075582032922,104.70712145566941
283,POm,52,BC,5,0.4905440125785482,1.1070811925407347,0.24755088031326158,1.613803542944538,0.03283216654373829,0.958779501177537,0.4430966905442202,-7.070029873380433,167.16516250371933
284,POm,52,BC,6,0.012906316179931565,0.90791598432716,0.20301618588141634,1.1915208398923056,-0.33759413120695114,0.4244479677881645,0.014215319922466396,-36.944867237236075,159.5261813044548
285,POm,52,BC,7,0.3257976699159336,0.8210282306446288,0.18358749351677658,0.9801055650905752,-0.03427250317668869,0.6585748714447349,0.3968166474131275,-8.028202328744191,114.89245146512985
286,POm,52,BC,8,-0.45760447129662796,1.9540872241530578,0.4369471867170106,1.38356994982081,-1.2892471354808752,0.36138812889220884,-0.23417811940045988,-inf,232.05938702821732
287,POm,52,BC,9,0.02988276350233292,0.12274561960884357,0.027446754938570538,0.16054442912914046,-0.022234722156665818,0.07971289418764484,0.2434527895786509,-12.271704895421998,42.44743489027023
288,POm,53,BC,0,-0.007485583707222787,0.900873727346819,0.20144148934910985,1.219242909810891,-0.3910576057453321,0.41891171437377744,-0.008309248543931598,-inf,175.69853390455245
289,POm,53,BC,1,0.07624050378153316,0.1358362200113601,0.03037390217520184,0.13258026443522786,0.019281818718638818,0.13869768802828905,0.5612678545910443,-5.016596607005136,12.31002254486084
290,POm,53,BC,10,-0.42563288872550087,1.080122341315629,0.24152269791979758,1.117314449497865,-0.8773554637574686,0.049357781987828184,-0.3940598878892407,-inf,200.7910210132599
291,POm,53,BC,11,-0.038148712815504957,0.11577553921316812,0.025888197581233643,0.1598102281880165,-0.0861143061364329,0.011918245522523237,-0.32950580990398,-inf,81.52793130874633
292,POm,53,BC,12,0.24092229418439787,1.0937007370792464,0.24455891951508196,1.317164420512924,-0.22701497983953,0.7238829770708246,0.22028173339974746,-13.140430294170711,231.49586114883422
293,POm,53,BC,3,-0.00956567565007047,0.11919506594882867,0.026652827004415135,0.15770871290520017,-0.061060705748600806,0.042844904384327545,-0.08025227868221564,-inf,46.76821352243424
294,POm,53,BC,4,0.17119560581037643,0.5781928877487698,0.12928786011131543,0.5274344557864294,-0.04929177090328481,0.42908469551133416,0.29608736018344545,-10.571602640444354,158.03519322872162
295,POm,53,BC,5,0.26597043928969766,1.0742481711548513,0.2402091935407076,1.1422194820733793,-0.20215817721860171,0.731946340263648,0.24758751881678412,-12.125425048096805,165.4606068968773
296,POm,53,BC,6,0.07777903444485759,0.8065148168029408,0.1803421955232165,0.8135973878159817,-0.2940887492243877,0.40842637061486897,0.09643844455725811,-20.314996058311294,142.6951840400696
297,POm,53,BC,7,0.08893326228778946,0.6090770071864514,0.13619375916010332,0.4756581257224859,-0.17238296017074498,0.34866179752088106,0.1460131662145721,-16.71215962999239,136.06230382919313
298,POm,53,BC,8,-0.75340965516165,2.092785323477268,0.4679610245609058,3.462225656013402,-1.659717856814076,0.0972820509442689,-0.36000331553827125,-inf,153.5087689757347
299,POm,53,BC,9,-0.035192582725242394,0.12009137613131537,0.026853248054111687,0.2119673547815395,-0.0848545289880255,0.01658475119668443,-0.2930483758197644,-inf,36.30220894813537
300,POm,54,BC,0,0.010261683848509761,1.150234242948102,0.2572001957279964,1.6509145523262099,-0.45494292752342935,0.5179099169877459,0.00892138615366606,-40.99135324405096,140.03003891706467
301,POm,54,BC,1,0.04211940457310446,0.1407817562833579,0.03147975770413964,0.10181621623879233,-0.01605108762394771,0.10200371132000335,0.29918226398830255,-10.481283114568607,14.120718669891357
302,POm,54,BC,10,0.14877377881626758,0.9260709648026684,0.20707576292875815,1.4843624584907893,-0.2505241295577544,0.5414132778834647,0.16065051650546996,-15.882357476309036,131.68068722486495
303,POm,54,BC,11,0.019810220342130737,0.12220182789219093,0.027325159414166876,0.1431732959193044,-0.035765457692464225,0.0691711980533437,0.16211067120540731,-15.803767921032755,17.88862496614456
304,POm,54,BC,12,0.5370128960689783,1.7016853099103328,0.38050840292723004,2.4516609726978587,-0.18868739009148522,1.2999752616588947,0.3155770887493147,-10.017890691694443,698.8645782113075
305,POm,54,BC,3,-0.05277462176422602,0.11665595165151882,0.026085063787272492,0.12950769225163183,-0.10133369423026527,-0.0020427970772360616,-0.45239545018566496,-inf,411.75007853508
306,POm,54,BC,4,0.23389742262657798,0.6143163356781445,0.13736530862649105,0.5186171776172426,-0.002002080218028674,0.5229047368202295,0.38074426649973153,-8.387332556753787,317.9916349053383
307,POm,54,BC,5,-0.49761828490269977,1.309163362038399,0.29273782711700275,1.7046757885271475,-1.0633011066535187,0.04548504622315173,-0.3801040415062457,-inf,426.70705037117006
308,POm,54,BC,6,0.15640608199600692,0.9333658712681111,0.20870695360338143,1.187298760655846,-0.22257793640117632,0.5698393737590092,0.1675721030848352,-15.515965595348359,483.5158891558647
309,POm,54,BC,7,-0.41171113851417546,1.7735138144713403,0.3965697448192867,1.8626389755105528,-1.1774514772005864,0.34126224267240785,-0.23214430874726555,-inf,522.4330206155777
310,POm,54,BC,8,0.1683578862459001,1.9244944642559403,0.43033004443983214,1.7197749695196407,-0.7115646684746477,0.988581880207113,0.08748161627525992,-21.16166403419185,469.0708179354668
311,POm,54,BC,9,-0.011236687362106191,0.12199080924246622,0.02727797420963641,0.15579542637577726,-0.06589667825741295,0.04273497889935478,-0.09211093386365199,-inf,90.4212952375412
312,POm,55,BC,0,0.17541601703644574,1.3573948780183696,0.3035227219559109,1.361215537036454,-0.40468668508513755,0.7220887162902283,0.12922990934851003,-17.77273920642561,243.18610117435455
313,POm,55,BC,1,-0.027519652079760502,0.1836634218734708,0.041068389628930245,0.22906573463584656,-0.10124055458885547,0.055393206666155444,-0.14983741345470145,-inf,11.559835243225098
314,POm,55,BC,10,0.12469597834314143,1.060171035099771,0.23706145022594036,1.335765069449458,-0.30996696497671233,0.5883927424007942,0.11761873717989899,-18.590469754715272,170.30035358667374
315,POm,55,BC,11,-0.09515382607484475,0.13434493224477026,0.03004044009319097,0.19344529147677836,-0.15229540032059105,-0.03766853391950556,-0.7082799811270802,-inf,68.58740469217301
316,POm,55,BC,12,-0.7602051924189865,2.3068009864778842,0.5158163816328122,3.0454981016811757,-1.7549503511045528,0.20206786328621024,-0.32954953499464995,-inf,252.73958921432495
317,POm,55,BC,3,-0.04935897599405292,0.18749576681283342,0.04192532800869446,0.20284229790986608,-0.13577105658232164,0.02702284882958247,-0.2632538154492055,-inf,120.37571325302125
318,POm,55,BC,4,0.1652178746645559,0.615657164807165,0.13766512713436121,0.586489763947772,-0.0884888167183502,0.42283060744713047,0.26836019153014345,-11.425638136753985,106.69684623479843
319,POm,55,BC,5,-0.24402200479429723,1.2357182341129718,0.2763149972512604,1.3354369640594292,-0.8198524649428062,0.24591012785457533,-0.19747382377137299,-inf,159.56468237638472
320,POm,55,BC,6,-0.11600377042351155,0.6994484731611675,0.15640143327468078,0.8906331475456462,-0.40945312691080854,0.1975217371260743,-0.16585034477126073,-inf,116.12015165090561
321,POm,55,BC,7,-0.4027128775850642,0.8976303006862341,0.20071623709979955,1.1728551111145578,-0.7730820861787784,-0.026946366015328457,-0.448640021707369,-inf,157.15496524572373
322,POm,55,BC,8,0.12376643990055528,2.1427391483400484,0.4791310393738354,2.0461598150917126,-0.8023525454400265,1.0138247726505978,0.05776085250341158,-24.767328111124563,135.80256930589675
323,POm,55,BC,9,-0.017306497825340238,0.15935355936749135,0.0356325391202259,0.217925732139304,-0.09013841957657452,0.04803513304646759,-0.10860440076791168,-inf,29.516582357883454
324,POm,56,BC,0,0.06296517790707128,1.3131498132261035,0.29362922470147196,1.6247343754939543,-0.47244732238843445,0.6408336416318308,0.04794972917247004,-26.38427682898375,202.8080691576004
325,POm,56,BC,1,0.02693283275407816,0.24426099998223513,0.054618420021235264,0.2382246208707809,-0.08197131854990328,0.12335792423134556,0.11026251737296154,-19.151441929733256,16.86153664588928
326,POm,56,BC,10,-0.38341754345801604,0.9945772037483294,0.2223942236452923,1.1877602413226036,-0.8343627450626564,0.022421392666638836,-0.3855080752032168,-inf,136.60586379766465
327,POm,56,BC,11,0.01659920270349229,0.14005421463485027,0.031317074445887105,0.12872475695487684,-0.04352372762918045,0.07430361097743357,0.11851983709858198,-18.5241790822865,37.25796509981156
328,POm,56,BC,12,0.7357144850901591,1.3980231299291492,0.31260747526385985,2.093620751987558,0.1394540676405875,1.3108166273198838,0.5262534426933584,-5.576101000784873,286.0444085597992
329,POm,56,BC,3,-0.0011973621880830621,0.11395808261716583,0.025481801931751993,0.17298032846023492,-0.05074875538384671,0.04640972554221039,-0.010507040488786708,-inf,44.54962104558945
330,POm,56,BC,4,0.15270847262729462,0.5985278445808471,0.1338348946909203,0.4666821191455055,-0.07681407329985535,0.45709913616698455,0.2551401309227933,-11.864424519095614,102.15130174160004
331,POm,56,BC,5,-0.20806326250940685,0.8232318768267739,0.18408024378294002,1.1431569297605577,-0.5662472330910361,0.1455015817606778,-0.2527395602213639,-inf,144.202510201931
332,POm,56,BC,6,0.12988228857278514,0.6882272187117711,0.15389228450051354,0.8101707321422147,-0.17734017491851536,0.40497868436340034,0.18872006953735396,-14.483638241974067,195.93642530441284
333,POm,56,BC,7,-0.01294328786745993,0.8335369334798579,0.18638452450176826,1.173884821336884,-0.3624264826570273,0.3681766238280688,-0.015528151600222643,-inf,151.69514219760896
334,POm,56,BC,8,-0.8384111235299159,2.3574775512398105,0.527148006000196,2.9916035107722436,-1.8702562277017825,0.07890341836607165,-0.3556390698562499,-inf,280.6752941250801
335,POm,56,BC,9,-0.06805693579779737,0.10067698387718642,0.022512057971903917,0.10536142985026076,-0.1103532361337167,-0.023172306932520273,-0.6759929943950098,-inf,91.8810728430748
336,POm,57,BC,0,1.1186827979169465,2.294849264416177,0.513143895334996,3.3488935113245546,0.1533161427290134,2.0736468919090347,0.4874755023186875,-6.240944090596735,174.07732892036438
337,POm,57,BC,1,0.00387865350821468,0.2129086189453439,0.04760781449573885,0.1824973266105333,-0.08975609886148762,0.09798607052542005,0.018217456519270248,-34.790245167188445,35.00174140930176
338,POm,57,BC,10,0.8675924196645994,2.632939360985189,0.588743139179774,4.1383299524967825,-0.2550622647288752,1.9890042188738548,0.3295147744458365,-9.64250216364826,166.12585866451263
339,POm,57,BC,11,0.012980122933879734,0.20948324930281625,0.04684187855886326,0.30956461421739734,-0.07426114134149875,0.1043850597435016,0.0619625816244451,-24.157409919646607,38.84830931425095
340,POm,57,BC,12,0.5581555393710247,2.036788052727613,0.4554396541658368,2.6721927140606283,-0.3000116706255529,1.4640442371291122,0.2740371236091833,-11.243811992752068,258.00268216133117
341,POm,57,BC,3,-0.0691230813593661,0.3624172805056978,0.08103896754313497,0.35942400046110334,-0.23245367937158995,0.07750166250611917,-0.190727884892562,-inf,52.75866825580597
342,POm,57,BC,4,0.11332148599900567,0.7521594051651502,0.16818795598650824,0.8247831365780796,-0.19371232681713943,0.43039889607517906,0.1506615289535918,-16.439952590884463,99.80825976133346
343,POm,57,BC,5,1.4340623091458204,1.25156827138245,0.2798591733293063,1.7755013239485962,0.9053349458068045,1.9812752680023906,1.1458122916153763,1.182269536000956,182.9016669154167
344,POm,57,BC,6,-1.403734026857628,1.775575303652422,0.3970307078136646,2.6579661952492835,-2.191918258540604,-0.6497033302315592,-0.7905798328970316,-inf,189.17970765829085
345,POm,57,BC,7,-1.1716700346163442,2.595634614909401,0.580401544368891,4.006368618262918,-2.297676052760961,-0.051594454442508444,-0.4514002193861329,-inf,256.8705462217331
346,POm,57,BC,8,0.204569556098339,2.8168921550915513,0.6298762344070589,2.984430505587703,-1.0663245301205226,1.4214486947902414,0.07262243097542026,-22.778584350671252,238.7011762857437
347,POm,57,BC,9,-0.19215367992310367,0.3738410842078876,0.08359340770710597,0.6018672309078283,-0.3544768591004082,-0.04150352717404843,-0.5139982951051196,-inf,55.97323089838028
348,POm,58,BC,0,-0.28702827743613923,2.0646112480457592,0.46166110977409974,1.192449036828684,-1.3671690746740268,0.43062768395379625,-0.13902291664245436,-inf,284.6148839950562
349,POm,58,BC,1,-0.0062805404456327315,0.17384475884167028,0.03887286983020323,0.1750025566742025,-0.07378038328475747,0.07434463319080625,-0.03612729246184957,-inf,27.509271025657654
350,POm,58,BC,10,0.5082184354264854,1.1455049697132447,0.25614269808426526,1.2633741489847843,0.007087413400824872,0.9956096944793964,0.4436632305084701,-7.058931256589721,225.0902424454689
351,POm,58,BC,11,0.0025952915498129504,0.18879291099709078,0.042215378265956255,0.24303581884661352,-0.07877416301512127,0.08666471904995902,0.01374676377468931,-37.235990604264416,89.74192677736282
352,POm,58,BC,12,0.7593248570245663,1.3425934711682037,0.30021302676795075,1.9699377264730416,0.18646429703750006,1.3757664912225365,0.5655657303054441,-4.950338278075507,267.61160185337064
353,POm,58,BC,3,-0.008458326652868475,0.12387014333162688,0.027698206087215998,0.18779702257753872,-0.05987329543384048,0.04145029378862523,-0.06828382066390062,-inf,74.28271461725235
354,POm,58,BC,4,0.336563583035956,0.7032598380589592,0.15725368037453263,0.7020580448707969,0.051081647723906644,0.6466022153667234,0.4785764305336878,-6.4009738763077015,73.56884022951127
355,POm,58,BC,5,0.30162272237004684,0.9931523792647537,0.2220756232051642,1.5135286640278025,-0.10696740819879927,0.7252696104639709,0.30370236095426045,-10.351036638063945,218.1881327152252
356,POm,58,BC,6,0.17629816504209117,1.194429615859451,0.2670825815400693,1.5578755586332775,-0.3334615961133629,0.6911463589736055,0.14760029615913028,-16.618255422055345,179.4343109369278
357,POm,58,BC,7,0.1083888892726101,1.755123709821037,0.3924575924081454,1.8768648478502747,-0.6073933939813698,0.9057673857229872,0.06175569771299032,-24.186459345606583,199.69308638572693
358,POm,58,BC,8,0.1397180501531139,2.3836248651397867,0.5329947231311332,2.9303890219232684,-0.894707443844782,1.1722215436699075,0.058615788162169634,-24.639707820184565,285.75254716873167
359,POm,58,BC,9,0.010973660786946438,0.11777339679378766,0.026334932117196497,0.15094165745487964,-0.0395982034513685,0.05984535168117928,0.09317605746024708,-20.613913394279532,68.76881058216095
360,POm,59,BC,0,-0.0027444317900666704,0.8765947069147784,0.19601253533779492,1.1655588478294696,-0.36595704469965723,0.3569858472478376,-0.0031307875445949745,-inf,442.87495378255846
361,POm,59,BC,1,0.026234463699465006,0.11156651572857955,0.024947031318190333,0.1413057933073384,-0.02146294656820712,0.07304553713242865,0.23514639251877817,-12.573233591277951,26.297020423412324
362,POm,59,BC,10,0.22189401248186796,1.3469254354383546,0.30118168342636653,2.0856835085135934,-0.3391186559033544,0.7632574483132203,0.1647411257102387,-15.6639594143607,392.06973254680634
363,POm,59,BC,11,-0.003220342062925674,0.11940858417615426,0.026700571131488663,0.20134298069619572,-0.05737380050489607,0.048207675987308546,-0.02696910012914107,-inf,69.96165194511414
364,POm,59,BC,12,-0.1177344553292599,2.1459886399916503,0.47985764779636536,2.1343997468816696,-1.0356283940561097,0.7699678774458126,-0.05486257156035923,-inf,577.0081595420837
365,POm,59,BC,3,-0.036396329509678436,0.17297802774771648,0.03867906286577389,0.13360721417327337,-0.10471064740081364,0.05082482213262265,-0.2104101311801372,-inf,236.5764260172844
366,POm,59,BC,4,0.28371622029968024,0.5164312761798716,0.11547754392451608,0.3582454917154019,0.06217857824729481,0.5043421532235163,0.5493784621225432,-5.202567413951009,200.9428783416748
367,POm,59,BC,5,-0.944770853685825,1.1640846370531468,0.26029723800140064,1.4431684382403844,-1.4487883456301685,-0.4540306106312954,-0.8115997957652723,-inf,276.30046566724775
368,POm,59,BC,6,-0.06564100629335456,1.0354769089439326,0.23153967575299933,1.459867454033482,-0.5181708718167084,0.3699983820477575,-0.06339205222866905,-inf,348.2790571212769
369,POm,59,BC,7,-0.09801389532314389,1.714373674484918,0.3833456074984373,1.942805266169561,-0.7782818572571184,0.6915019476924977,-0.05717183877814273,-inf,250.83388360738755
370,POm,59,BC,8,0.029950196542267805,2.394920724634136,0.5355205541004984,2.847204252644623,-0.9939583040820974,1.0167568149211037,0.012505715213952726,-38.05782931003185,332.6231978535652
371,POm,59,BC,9,-0.04034866553412551,0.09066047566787008,0.020272298646582313,0.1041298321194124,-0.0806236306488605,-0.002267986130043473,-0.44505243588110804,-inf,51.37451628446579
372,POm,60,BC,0,0.16038383100014714,1.1213283541179957,0.2507366424905795,1.762034288512485,-0.3160279020646823,0.6621197537580145,0.1430302109200658,-16.891444418513117,324.7048150897026
373,POm,60,BC,1,0.051716957774588845,0.11375900392262617,0.025437286582365732,0.1179106822440289,5.8137758249903054e-05,0.09777090093669538,0.4546185883428131,-6.847056218253979,20.70758788585663
374,POm,60,BC,10,0.0825115452647431,1.33624266799555,0.2987929440073732,1.7974958727566133,-0.4732113815573454,0.6652738564425225,0.06174892273760104,-24.187412292765586,312.9708909630775
375,POm,60,BC,11,-0.02812578118218312,0.13009747838810526,0.02909068053771131,0.1467506358350441,-0.08119080055862818,0.02610032679396395,-0.21619005633820682,-inf,182.789855158329
376,POm,60,BC,12,-0.7673452135707336,1.767639044249447,0.39525610626245217,2.6616070808181433,-1.5199400393719185,-0.019535003821583755,-0.43410741353959753,-inf,214.8202437877655
377,POm,60,BC,3,-0.003976342044659731,0.156200066451623,0.03492739666758134,0.16115909405608653,-0.07117008534901159,0.06125365518598313,-0.02545672441113366,-inf,41.300222504138944
378,POm,60,BC,4,0.3516136099024063,0.4480599725376283,0.10018925565908259,0.3488116954299585,0.17413114791176276,0.5561898692529956,0.7847467559108454,-2.105409419354978,139.8715651154518
379,POm,60,BC,5,0.36875200850211554,1.2842028336131805,0.2871564832856923,1.9981572720465763,-0.16233449806192665,0.9416097259195826,0.2871446774997451,-10.83798458740651,231.17427014112474
380,POm,60,BC,6,-0.18038361593674707,1.0487209001173312,0.23450112220871197,1.2820284925109853,-0.6316046592119449,0.2742496619882806,-0.17200345288871968,-inf,161.44520543813707
381,POm,60,BC,7,-0.32684964843149017,1.3744107555691887,0.3073275878459553,1.4259695974042828,-0.9203154779913558,0.2281578272827791,-0.23781074697435045,-inf,157.59353094100953
382,POm,60,BC,8,-0.08571573046215661,2.268848322441752,0.5073299079616119,2.699790201029728,-1.1167572257227618,0.838882529828906,-0.037779400947309104,-inf,191.17985181808473
383,POm,60,BC,9,-0.018534087456597258,0.13758349006578424,0.030764603636876057,0.22030221772370528,-0.07561903118613884,0.0410381320795127,-0.13471156639314324,-inf,74.46397825479508
384,POm,61,BC,0,-0.21513283461522406,1.1059217177115803,0.24729161385964266,1.548429678886734,-0.6769215871119701,0.24045543299855235,-0.19452808564098548,-inf,218.70949708223344
385,POm,61,BC,1,0.02962696412456074,0.1385219191856359,0.030974442767281413,0.18458933450342163,-0.027728502098848647,0.09062036360143641,0.2138792495710161,-13.3966269671903,20.948807191848754
386,POm,61,BC,10,-0.7431536884919325,1.05490733202926,0.23588445043803663,1.0117027522806623,-1.178364761100079,-0.28081690672828047,-0.7044729578875651,-inf,284.98580214977267
387,POm,61,BC,11,0.01522849270290787,0.16561619396780375,0.03703290678867998,0.24502035079043027,-0.05482831217747914,0.08576598392427871,0.09195050518953679,-20.72891760683772,43.74136748313904
388,POm,61,BC,12,0.09637249219857864,1.803340809481251,0.40323926365995744,2.886133617462896,-0.6639839976043336,0.8664534287064966,0.05344108650560686,-25.442494416865454,275.5000451564789
389,POm,61,BC,3,-0.0025657867887128203,0.23905795076059438,0.05345498284624866,0.2751094442339088,-0.10015141205289436,0.10634270793857775,-0.010732907148870938,-inf,100.35363129377365
390,POm,61,BC,4,0.12778930928416,0.629457044184725,0.1407508739713134,0.6189214678142703,-0.13850701345595928,0.4101067426339322,0.20301513894355278,-13.84943150631711,132.08002191781998
391,POm,61,BC,5,-0.0005874654731101714,0.9676118783849734,0.216364593590506,1.3809621108573928,-0.42498285058760404,0.4229014916128921,-0.000607129249064926,-inf,269.4554033279419
392,POm,61,BC,6,0.04471977558435043,1.2595441756164032,0.28164263973422105,1.6407723234409737,-0.45759959040583165,0.6456605388090587,0.035504729766596084,-28.994275770048574,378.9262603163719
393,POm,61,BC,7,-0.39075263283233497,1.446660020365961,0.3234830145869519,1.9414674373820873,-0.9997767327744388,0.21710164916034438,-0.2701067474951623,-inf,377.7907732963562
394,POm,61,BC,8,-0.09674656921209816,2.250012487479158,0.5031180872226791,2.8502706242122855,-1.157042104134606,0.8490277713810327,-0.04299823656556232,-inf,439.21803375482557
395,POm,61,BC,9,-0.0955089257925529,0.16483846259987048,0.03685900076798671,0.11065212131076363,-0.16358267279024502,-0.029762722903781336,-0.5794092245593897,-inf,88.18065146207809
396,POm,62,BC,0,-0.03431293607198356,1.2418108083720156,0.2776773382713792,1.9948727918913178,-0.5633262380132318,0.5187733567547884,-0.02763137173605938,-inf,397.7660822868347
397,POm,62,BC,1,-0.026666499667697498,0.2296365722071761,0.05134829855752846,0.12279347551547415,-0.11742129865144962,0.08076420897352013,-0.11612479411005672,-inf,58.921232962608336
398,POm,62,BC,10,0.10544726799992361,0.9266330623917133,0.20720145177066746,0.9445386804264757,-0.2954511231834048,0.4854259595887397,0.1137961424857385,-18.87744919213219,452.15206636190413
399,POm,62,BC,11,-0.031867172074276875,0.1353967431659766,0.030275632165120376,0.18090364635500067,-0.091471574607653,0.027352333438058637,-0.23536143727779613,-inf,42.88098204135895
400,POm,62,BC,12,-0.3445560240384438,1.8342480043342122,0.41015032252846273,1.8158886733559356,-1.1288833235131441,0.4146306308573789,-0.1878459309887647,-inf,372.94463062286377
401,POm,62,BC,3,-0.06682093742712247,0.11887825376482537,0.026581985646461984,0.13842572112582108,-0.11732845559191399,-0.01719343266273643,-0.5620955499507343,-inf,59.16995698213577
402,POm,62,BC,4,0.045312869891551345,0.6300166467963543,0.14087600491931232,0.32414811982842373,-0.23511890538088764,0.3143112668061716,0.07192328983998769,-22.862609115519884,231.91362169981002
403,POm,62,BC,5,-0.26283915271549674,1.426943247833646,0.31907421021903615,1.3659194757143425,-0.8919976989658636,0.35137271237421586,-0.184197341495209,-inf,368.07178350687025
404,POm,62,BC,6,-0.006797140495952192,0.59515036694778,0.13307966773291802,1.026810087666579,-0.2632733749575016,0.2484331833241488,-0.011420879282678136,-inf,242.17314141988754
405,POm,62,BC,7,-0.24195646640126256,0.9201931672006041,0.20576144742913804,1.39585002846378,-0.6289352907521897,0.15495396636784214,-0.26294095090636066,-inf,233.34616684913635
406,POm,62,BC,8,0.033059984799078276,1.9906673287248124,0.44512674676166003,1.4292109418940555,-0.8629674954248646,0.8204238636673755,0.016607488515047834,-35.5939207844759,288.7326853275299
407,POm,62,BC,9,-0.018601748939797113,0.13464290555778305,0.03010706895152871,0.14438504146999676,-0.06973537512263529,0.04347973836912849,-0.13815617586931847,-inf,57.16324746608734
